Context,Question,Answer
"Machine learning (ML) is a field of study in artificial intelligence concerned with the development and study of statistical algorithms that can learn from data and generalize to unseen data, and thus perform tasks without explicit instructions. Quick progress in the field of deep learning, beginning in 2010s, allowed neural networks to surpass many previous approaches in performance.",What is the focus of machine learning (ML) in artificial intelligence?,The development and study of statistical algorithms that can learn from data and generalize to unseen data.
"Machine learning (ML) is a field of study in artificial intelligence concerned with the development and study of statistical algorithms that can learn from data and generalize to unseen data, and thus perform tasks without explicit instructions. Quick progress in the field of deep learning, beginning in 2010s, allowed neural networks to surpass many previous approaches in performance.",How does machine learning perform tasks without explicit instructions?,By learning from data and generalizing to unseen data.
"Machine learning (ML) is a field of study in artificial intelligence concerned with the development and study of statistical algorithms that can learn from data and generalize to unseen data, and thus perform tasks without explicit instructions. Quick progress in the field of deep learning, beginning in 2010s, allowed neural networks to surpass many previous approaches in performance.",What allowed neural networks to surpass previous approaches in performance?,"Quick progress in the field of deep learning, beginning in the 2010s."
"Machine learning (ML) is a field of study in artificial intelligence concerned with the development and study of statistical algorithms that can learn from data and generalize to unseen data, and thus perform tasks without explicit instructions. Quick progress in the field of deep learning, beginning in 2010s, allowed neural networks to surpass many previous approaches in performance.",In which decade did deep learning experience quick progress that improved neural networks' performance?,The 2010s.
"Machine learning (ML) is a field of study in artificial intelligence concerned with the development and study of statistical algorithms that can learn from data and generalize to unseen data, and thus perform tasks without explicit instructions. Quick progress in the field of deep learning, beginning in 2010s, allowed neural networks to surpass many previous approaches in performance.",What is machine learning's relationship with deep learning?,"Deep learning is a subset of machine learning that saw significant progress in the 2010s, allowing neural networks to surpass previous approaches in performance."
"Artificial intelligence (AI), in its broadest sense, is intelligence exhibited by machines, particularly computer systems. It is a field of research in computer science that develops and studies methods and software that enable machines to perceive their environment and use learning and intelligence to take actions that maximize their chances of achieving defined goals. Such machines may be called AIs.",What is artificial intelligence (AI) in its broadest sense?,"Intelligence exhibited by machines, particularly computer systems."
"Artificial intelligence (AI), in its broadest sense, is intelligence exhibited by machines, particularly computer systems. It is a field of research in computer science that develops and studies methods and software that enable machines to perceive their environment and use learning and intelligence to take actions that maximize their chances of achieving defined goals. Such machines may be called AIs.",What does AI allow machines to do?,It enables machines to perceive their environment and use learning and intelligence to take actions that maximize their chances of achieving defined goals.
"Artificial intelligence (AI), in its broadest sense, is intelligence exhibited by machines, particularly computer systems. It is a field of research in computer science that develops and studies methods and software that enable machines to perceive their environment and use learning and intelligence to take actions that maximize their chances of achieving defined goals. Such machines may be called AIs.",What is the field of research associated with AI?,The field of research is computer science.
"Artificial intelligence (AI), in its broadest sense, is intelligence exhibited by machines, particularly computer systems. It is a field of research in computer science that develops and studies methods and software that enable machines to perceive their environment and use learning and intelligence to take actions that maximize their chances of achieving defined goals. Such machines may be called AIs.",What do we call machines that exhibit AI?,Such machines may be called AIs.
"Artificial intelligence (AI), in its broadest sense, is intelligence exhibited by machines, particularly computer systems. It is a field of research in computer science that develops and studies methods and software that enable machines to perceive their environment and use learning and intelligence to take actions that maximize their chances of achieving defined goals. Such machines may be called AIs.",What is the purpose of AI in machines?,The purpose is to enable machines to take actions that maximize their chances of achieving defined goals.
"Data science is an interdisciplinary academic field that uses statistics, scientific computing, scientific methods, processing, scientific visualization, algorithms and systems to extract or extrapolate knowledge and insights from potentially noisy, structured, or unstructured data.",What is data science?,"Data science is an interdisciplinary academic field that uses statistics, scientific computing, and other methods to extract knowledge and insights from data."
"Data science is an interdisciplinary academic field that uses statistics, scientific computing, scientific methods, processing, scientific visualization, algorithms and systems to extract or extrapolate knowledge and insights from potentially noisy, structured, or unstructured data.",What kinds of data does data science work with?,"Data science works with noisy, structured, or unstructured data."
"Data science is an interdisciplinary academic field that uses statistics, scientific computing, scientific methods, processing, scientific visualization, algorithms and systems to extract or extrapolate knowledge and insights from potentially noisy, structured, or unstructured data.",What are some methods used in data science?,"Methods used include statistics, scientific computing, scientific methods, and algorithms."
"Data science is an interdisciplinary academic field that uses statistics, scientific computing, scientific methods, processing, scientific visualization, algorithms and systems to extract or extrapolate knowledge and insights from potentially noisy, structured, or unstructured data.",What is the goal of data science?,The goal is to extract or extrapolate knowledge and insights from data.
"Data science is an interdisciplinary academic field that uses statistics, scientific computing, scientific methods, processing, scientific visualization, algorithms and systems to extract or extrapolate knowledge and insights from potentially noisy, structured, or unstructured data.",What is the significance of scientific visualization in data science?,"Scientific visualization helps in the processing and understanding of data, particularly in communicating complex insights."
"Deep learning is a subset of machine learning methods based on neural networks with representation learning. The field takes inspiration from biological neuroscience and is centered around stacking artificial neurons into layers and 'training' them to process data. The adjective 'deep' refers to the use of multiple layers in the network. Methods used can be either supervised, semi-supervised or unsupervised.",What is deep learning?,Deep learning is a subset of machine learning methods based on neural networks with representation learning.
"Deep learning is a subset of machine learning methods based on neural networks with representation learning. The field takes inspiration from biological neuroscience and is centered around stacking artificial neurons into layers and 'training' them to process data. The adjective 'deep' refers to the use of multiple layers in the network. Methods used can be either supervised, semi-supervised or unsupervised.",What does 'deep' refer to in deep learning?,'Deep' refers to the use of multiple layers in the network.
"Deep learning is a subset of machine learning methods based on neural networks with representation learning. The field takes inspiration from biological neuroscience and is centered around stacking artificial neurons into layers and 'training' them to process data. The adjective 'deep' refers to the use of multiple layers in the network. Methods used can be either supervised, semi-supervised or unsupervised.",What inspires the field of deep learning?,The field takes inspiration from biological neuroscience.
"Deep learning is a subset of machine learning methods based on neural networks with representation learning. The field takes inspiration from biological neuroscience and is centered around stacking artificial neurons into layers and 'training' them to process data. The adjective 'deep' refers to the use of multiple layers in the network. Methods used can be either supervised, semi-supervised or unsupervised.",How are artificial neurons used in deep learning?,Artificial neurons are stacked into layers and 'trained' to process data.
"Deep learning is a subset of machine learning methods based on neural networks with representation learning. The field takes inspiration from biological neuroscience and is centered around stacking artificial neurons into layers and 'training' them to process data. The adjective 'deep' refers to the use of multiple layers in the network. Methods used can be either supervised, semi-supervised or unsupervised.",What are the types of learning used in deep learning methods?,"Methods used in deep learning can be supervised, semi-supervised, or unsupervised."
"A neural network is a group of interconnected units called neurons that send signals to one another. Neurons can be either biological cells or mathematical models. While individual neurons are simple, many of them together in a network can perform complex tasks. There are two main types of neural network. In neuroscience, a biological neural network is a physical structure found in brains and complex nervous systems – a population of nerve cells connected by synapses. In machine learning, an artificial neural network is a mathematical model used to approximate nonlinear functions. Artificial neural networks are used to solve artificial intelligence problems.",What is a neural network?,A neural network is a group of interconnected units called neurons that send signals to one another.
"A neural network is a group of interconnected units called neurons that send signals to one another. Neurons can be either biological cells or mathematical models. While individual neurons are simple, many of them together in a network can perform complex tasks. There are two main types of neural network. In neuroscience, a biological neural network is a physical structure found in brains and complex nervous systems – a population of nerve cells connected by synapses. In machine learning, an artificial neural network is a mathematical model used to approximate nonlinear functions. Artificial neural networks are used to solve artificial intelligence problems.",What can neurons be in a neural network?,Neurons can be either biological cells or mathematical models.
"A neural network is a group of interconnected units called neurons that send signals to one another. Neurons can be either biological cells or mathematical models. While individual neurons are simple, many of them together in a network can perform complex tasks. There are two main types of neural network. In neuroscience, a biological neural network is a physical structure found in brains and complex nervous systems – a population of nerve cells connected by synapses. In machine learning, an artificial neural network is a mathematical model used to approximate nonlinear functions. Artificial neural networks are used to solve artificial intelligence problems.",What tasks can neural networks perform?,Many neurons together in a network can perform complex tasks.
"A neural network is a group of interconnected units called neurons that send signals to one another. Neurons can be either biological cells or mathematical models. While individual neurons are simple, many of them together in a network can perform complex tasks. There are two main types of neural network. In neuroscience, a biological neural network is a physical structure found in brains and complex nervous systems – a population of nerve cells connected by synapses. In machine learning, an artificial neural network is a mathematical model used to approximate nonlinear functions. Artificial neural networks are used to solve artificial intelligence problems.",What is a biological neural network?,A biological neural network is a physical structure found in brains and complex nervous systems.
"A neural network is a group of interconnected units called neurons that send signals to one another. Neurons can be either biological cells or mathematical models. While individual neurons are simple, many of them together in a network can perform complex tasks. There are two main types of neural network. In neuroscience, a biological neural network is a physical structure found in brains and complex nervous systems – a population of nerve cells connected by synapses. In machine learning, an artificial neural network is a mathematical model used to approximate nonlinear functions. Artificial neural networks are used to solve artificial intelligence problems.",What is an artificial neural network used for?,An artificial neural network is a mathematical model used to approximate nonlinear functions and solve artificial intelligence problems.
"Natural language processing (NLP) is an interdisciplinary subfield of computer science and artificial intelligence. It is primarily concerned with providing computers with the ability to process data encoded in natural language and is thus closely related to information retrieval, knowledge representation and computational linguistics, a subfield of linguistics. Typically data is collected in text corpora, using either rule-based, statistical or neural-based approaches in machine learning and deep learning.",What is natural language processing (NLP)?,NLP is an interdisciplinary subfield of computer science and artificial intelligence concerned with providing computers with the ability to process data encoded in natural language.
"Natural language processing (NLP) is an interdisciplinary subfield of computer science and artificial intelligence. It is primarily concerned with providing computers with the ability to process data encoded in natural language and is thus closely related to information retrieval, knowledge representation and computational linguistics, a subfield of linguistics. Typically data is collected in text corpora, using either rule-based, statistical or neural-based approaches in machine learning and deep learning.",What fields are closely related to NLP?,"NLP is closely related to information retrieval, knowledge representation, and computational linguistics."
"Natural language processing (NLP) is an interdisciplinary subfield of computer science and artificial intelligence. It is primarily concerned with providing computers with the ability to process data encoded in natural language and is thus closely related to information retrieval, knowledge representation and computational linguistics, a subfield of linguistics. Typically data is collected in text corpora, using either rule-based, statistical or neural-based approaches in machine learning and deep learning.",How is data typically collected for NLP?,Data is typically collected in text corpora.
"Natural language processing (NLP) is an interdisciplinary subfield of computer science and artificial intelligence. It is primarily concerned with providing computers with the ability to process data encoded in natural language and is thus closely related to information retrieval, knowledge representation and computational linguistics, a subfield of linguistics. Typically data is collected in text corpora, using either rule-based, statistical or neural-based approaches in machine learning and deep learning.",What approaches are used in NLP?,"Approaches include rule-based, statistical, or neural-based methods in machine learning and deep learning."
"Natural language processing (NLP) is an interdisciplinary subfield of computer science and artificial intelligence. It is primarily concerned with providing computers with the ability to process data encoded in natural language and is thus closely related to information retrieval, knowledge representation and computational linguistics, a subfield of linguistics. Typically data is collected in text corpora, using either rule-based, statistical or neural-based approaches in machine learning and deep learning.",What is the goal of NLP?,The goal is to provide computers with the ability to process and understand data encoded in natural language.
"Computer vision tasks include methods for acquiring, processing, analyzing and understanding digital images, and extraction of high-dimensional data from the real world in order to produce numerical or symbolic information, e.g. in the forms of decisions. Understanding in this context means the transformation of visual images into descriptions of the world that make sense to thought processes and can elicit appropriate action. This image understanding can be seen as the disentangling of symbolic information from image data using models constructed with the aid of geometry, physics, statistics, and learning theory.",What does computer vision involve?,"Computer vision involves acquiring, processing, analyzing, and understanding digital images."
"Computer vision tasks include methods for acquiring, processing, analyzing and understanding digital images, and extraction of high-dimensional data from the real world in order to produce numerical or symbolic information, e.g. in the forms of decisions. Understanding in this context means the transformation of visual images into descriptions of the world that make sense to thought processes and can elicit appropriate action. This image understanding can be seen as the disentangling of symbolic information from image data using models constructed with the aid of geometry, physics, statistics, and learning theory.",What kind of data does computer vision extract from the real world?,Computer vision extracts high-dimensional data to produce numerical or symbolic information.
"Computer vision tasks include methods for acquiring, processing, analyzing and understanding digital images, and extraction of high-dimensional data from the real world in order to produce numerical or symbolic information, e.g. in the forms of decisions. Understanding in this context means the transformation of visual images into descriptions of the world that make sense to thought processes and can elicit appropriate action. This image understanding can be seen as the disentangling of symbolic information from image data using models constructed with the aid of geometry, physics, statistics, and learning theory.",What does understanding mean in computer vision?,Understanding in computer vision means transforming visual images into descriptions of the world that make sense to thought processes and elicit appropriate action.
"Computer vision tasks include methods for acquiring, processing, analyzing and understanding digital images, and extraction of high-dimensional data from the real world in order to produce numerical or symbolic information, e.g. in the forms of decisions. Understanding in this context means the transformation of visual images into descriptions of the world that make sense to thought processes and can elicit appropriate action. This image understanding can be seen as the disentangling of symbolic information from image data using models constructed with the aid of geometry, physics, statistics, and learning theory.",How is image understanding achieved in computer vision?,"Image understanding is achieved by disentangling symbolic information from image data using models constructed with geometry, physics, statistics, and learning theory."
"Computer vision tasks include methods for acquiring, processing, analyzing and understanding digital images, and extraction of high-dimensional data from the real world in order to produce numerical or symbolic information, e.g. in the forms of decisions. Understanding in this context means the transformation of visual images into descriptions of the world that make sense to thought processes and can elicit appropriate action. This image understanding can be seen as the disentangling of symbolic information from image data using models constructed with the aid of geometry, physics, statistics, and learning theory.",What is the goal of computer vision?,The goal of computer vision is to extract meaningful information from images to help computers make decisions or take actions.
"Reinforcement learning (RL) is an interdisciplinary area of machine learning and optimal control concerned with how an intelligent agent ought to take actions in a dynamic environment in order to maximize the cumulative reward. Reinforcement learning is one of three basic machine learning paradigms, alongside supervised learning and unsupervised learning.",What is reinforcement learning (RL)?,Reinforcement learning is an interdisciplinary area of machine learning and optimal control that focuses on how an intelligent agent takes actions in a dynamic environment to maximize cumulative reward.
"Reinforcement learning (RL) is an interdisciplinary area of machine learning and optimal control concerned with how an intelligent agent ought to take actions in a dynamic environment in order to maximize the cumulative reward. Reinforcement learning is one of three basic machine learning paradigms, alongside supervised learning and unsupervised learning.",What is the goal of reinforcement learning?,The goal is to maximize cumulative reward by taking the best actions in a dynamic environment.
"Reinforcement learning (RL) is an interdisciplinary area of machine learning and optimal control concerned with how an intelligent agent ought to take actions in a dynamic environment in order to maximize the cumulative reward. Reinforcement learning is one of three basic machine learning paradigms, alongside supervised learning and unsupervised learning.",What are the three basic machine learning paradigms?,"The three basic machine learning paradigms are reinforcement learning, supervised learning, and unsupervised learning."
"Reinforcement learning (RL) is an interdisciplinary area of machine learning and optimal control concerned with how an intelligent agent ought to take actions in a dynamic environment in order to maximize the cumulative reward. Reinforcement learning is one of three basic machine learning paradigms, alongside supervised learning and unsupervised learning.",What is the role of an intelligent agent in reinforcement learning?,The intelligent agent takes actions in a dynamic environment to maximize cumulative reward.
"Reinforcement learning (RL) is an interdisciplinary area of machine learning and optimal control concerned with how an intelligent agent ought to take actions in a dynamic environment in order to maximize the cumulative reward. Reinforcement learning is one of three basic machine learning paradigms, alongside supervised learning and unsupervised learning.",How is reinforcement learning different from other machine learning paradigms?,"Reinforcement learning is concerned with decision-making and reward maximization, unlike supervised and unsupervised learning, which focus on labeled data and pattern discovery, respectively."
"Robotics is the interdisciplinary study and practice of the design, construction, operation, and use of robots.",What is robotics?,"Robotics is the interdisciplinary study and practice of the design, construction, operation, and use of robots."
"Robotics is the interdisciplinary study and practice of the design, construction, operation, and use of robots.",What are the primary areas involved in robotics?,"The primary areas in robotics are the design, construction, operation, and use of robots."
"Robotics is the interdisciplinary study and practice of the design, construction, operation, and use of robots.",What kind of systems does robotics focus on?,Robotics focuses on systems known as robots.
"Robotics is the interdisciplinary study and practice of the design, construction, operation, and use of robots.",Is robotics a single-discipline field?,"No, robotics is an interdisciplinary field involving multiple areas of study."
"Robotics is the interdisciplinary study and practice of the design, construction, operation, and use of robots.",What is the practical application of robotics?,The practical application of robotics is in the use and operation of robots for various tasks.
"Big data primarily refers to data sets that are too large or complex to be dealt with by traditional data-processing application software. Data with many entries (rows) offer greater statistical power, while data with higher complexity may lead to a higher false discovery rate. Though used sometimes loosely partly due to a lack of formal definition, the best interpretation is that it is a large body of information that cannot be comprehended when used in small amounts only.",What is big data?,Big data refers to data sets that are too large or complex to be dealt with by traditional data-processing application software.
"Big data primarily refers to data sets that are too large or complex to be dealt with by traditional data-processing application software. Data with many entries (rows) offer greater statistical power, while data with higher complexity may lead to a higher false discovery rate. Though used sometimes loosely partly due to a lack of formal definition, the best interpretation is that it is a large body of information that cannot be comprehended when used in small amounts only.",What is the benefit of data with many entries?,Data with many entries offers greater statistical power.
"Big data primarily refers to data sets that are too large or complex to be dealt with by traditional data-processing application software. Data with many entries (rows) offer greater statistical power, while data with higher complexity may lead to a higher false discovery rate. Though used sometimes loosely partly due to a lack of formal definition, the best interpretation is that it is a large body of information that cannot be comprehended when used in small amounts only.",What is a challenge of higher complexity data?,Higher complexity data may lead to a higher false discovery rate.
"Big data primarily refers to data sets that are too large or complex to be dealt with by traditional data-processing application software. Data with many entries (rows) offer greater statistical power, while data with higher complexity may lead to a higher false discovery rate. Though used sometimes loosely partly due to a lack of formal definition, the best interpretation is that it is a large body of information that cannot be comprehended when used in small amounts only.",What is the best interpretation of big data?,The best interpretation of big data is that it is a large body of information that cannot be comprehended when used in small amounts only.
"Big data primarily refers to data sets that are too large or complex to be dealt with by traditional data-processing application software. Data with many entries (rows) offer greater statistical power, while data with higher complexity may lead to a higher false discovery rate. Though used sometimes loosely partly due to a lack of formal definition, the best interpretation is that it is a large body of information that cannot be comprehended when used in small amounts only.",Why can't traditional software handle big data?,Traditional data-processing software cannot handle big data due to its large size and complexity.
"Artificial Intelligence (AI): In today's world, technology is growing very fast, and we are getting in touch with different new technologies day by day. One of the booming technologies of computer science is Artificial Intelligence, which is ready to create a new revolution in the world by making intelligent machines.",What is Artificial Intelligence?,"It is a branch of computer science by which we can create intelligent machines that can behave like a human, think like humans, and make decisions."
"Artificial Intelligence (AI): In today's world, technology is growing very fast, and we are getting in touch with different new technologies day by day. One of the booming technologies of computer science is Artificial Intelligence, which is ready to create a new revolution in the world by making intelligent machines.",Why is Artificial Intelligence considered a booming technology?,Because it is creating a new revolution by enabling intelligent machines to solve real-world problems.
Machine learning is a growing technology that enables computers to learn automatically from past data using various algorithms to build mathematical models for predictions.,What is Machine Learning?,Machine learning enables computers to automatically learn from data and predict outcomes without explicit programming.
Machine learning is a growing technology that enables computers to learn automatically from past data using various algorithms to build mathematical models for predictions.,What are some applications of Machine Learning?,"Applications include image recognition, speech recognition, email filtering, and recommender systems."
"Deep learning is a subset of machine learning methods based on neural networks with representation learning. It is inspired by biological neuroscience, using multiple layers of artificial neurons to process data.",What is deep learning?,Deep learning is a subset of machine learning methods based on neural networks with representation learning.
"Deep learning is a subset of machine learning methods based on neural networks with representation learning. It is inspired by biological neuroscience, using multiple layers of artificial neurons to process data.",What inspires deep learning?,Deep learning is inspired by biological neuroscience.
"Deep learning is a subset of machine learning methods based on neural networks with representation learning. It is inspired by biological neuroscience, using multiple layers of artificial neurons to process data.",What is the primary focus of deep learning?,The focus is on using multiple layers of artificial neurons to process data.
Supervised learning is a type of machine learning where models are trained using labeled data. This approach helps predict outputs based on provided inputs by mapping relationships between them.,What is supervised learning?,Supervised learning is a type of machine learning where models are trained using labeled data.
Supervised learning is a type of machine learning where models are trained using labeled data. This approach helps predict outputs based on provided inputs by mapping relationships between them.,What does supervised learning aim to do?,It aims to predict outputs by mapping relationships between inputs and outputs.
Unsupervised learning is a machine learning technique used to analyze and cluster unlabeled data. It identifies hidden patterns or groupings in the data without requiring predefined labels.,What is unsupervised learning?,Unsupervised learning is a technique used to analyze and cluster unlabeled data.
Unsupervised learning is a machine learning technique used to analyze and cluster unlabeled data. It identifies hidden patterns or groupings in the data without requiring predefined labels.,What is the goal of unsupervised learning?,The goal is to identify hidden patterns or groupings in the data.
"Reinforcement learning (RL) is an area of machine learning where an agent learns to make decisions by receiving rewards or penalties. The agent explores an environment, takes actions, and improves its performance based on the feedback from the environment.",What is reinforcement learning?,Reinforcement learning is a type of machine learning where an agent learns to make decisions by receiving rewards or penalties.
"Reinforcement learning (RL) is an area of machine learning where an agent learns to make decisions by receiving rewards or penalties. The agent explores an environment, takes actions, and improves its performance based on the feedback from the environment.",What does the agent learn in reinforcement learning?,The agent learns to take actions and improve its performance based on feedback from the environment.
"Natural language processing (NLP) is a subfield of artificial intelligence that focuses on making machines understand, interpret, and generate human language. It combines linguistics and computer science to process and analyze text data.",What is natural language processing (NLP)?,"NLP is a subfield of artificial intelligence focused on enabling machines to understand, interpret, and generate human language."
"Natural language processing (NLP) is a subfield of artificial intelligence that focuses on making machines understand, interpret, and generate human language. It combines linguistics and computer science to process and analyze text data.",How does NLP combine linguistics and computer science?,NLP combines linguistic knowledge with computer science methods to process and analyze text data.
Computer vision is an interdisciplinary field that enables machines to interpret and make decisions based on visual data from the world. It involves the development of algorithms that can process and analyze images and videos to extract meaningful information.,What is computer vision?,Computer vision is the field that enables machines to interpret and make decisions based on visual data.
Computer vision is an interdisciplinary field that enables machines to interpret and make decisions based on visual data from the world. It involves the development of algorithms that can process and analyze images and videos to extract meaningful information.,What does computer vision help machines to do?,It helps machines process and analyze images and videos to extract meaningful information.
"Human language is a system constructed to convey meaning, and it is very different from vision or other machine learning tasks.",What makes natural language special compared to other machine learning tasks?,"Natural language is a symbolic system constructed to convey meaning, making it distinct from vision or other tasks that don't involve symbolic representations."
"In NLP, one of the first challenges is to represent words in a way that captures their meaning and relationships.",Why is word representation important in NLP?,"Word representation is crucial in NLP because it allows algorithms to understand the similarities and differences between words, which is essential for many NLP tasks."
"A basic method for word representation is the one-hot vector, which represents each word as a unique vector with a single '1' at its corresponding index.",What is the one-hot vector and how is it used in word representation?,"The one-hot vector represents each word as a unique vector with a '1' at the index corresponding to the word, but it lacks information on word similarity."
Singular Value Decomposition (SVD) can be used to create word embeddings by reducing the dimensionality of word co-occurrence matrices.,How does Singular Value Decomposition (SVD) help in creating word embeddings?,"SVD reduces the dimensionality of word co-occurrence matrices, capturing word relationships in lower-dimensional space and creating more efficient word embeddings."
Word2Vec is a powerful model that generates word embeddings by predicting the surrounding context of a given word (Skip-gram) or predicting a word based on its context (CBOW).,What is Word2Vec and how does it generate word embeddings?,"Word2Vec generates word embeddings through two models: Skip-gram, which predicts context words from a center word, and CBOW, which predicts a center word from its surrounding context."
Negative sampling is a method used in Word2Vec to efficiently train the model by approximating the softmax function with a smaller set of negative samples.,What is negative sampling and how does it improve Word2Vec?,"Negative sampling improves Word2Vec by reducing computational cost, approximating the softmax function through a smaller set of negative examples."
"The Skip-gram model of Word2Vec predicts the context words from a given center word, whereas CBOW does the opposite.",How do the Skip-gram and CBOW models of Word2Vec differ?,"Skip-gram predicts context words from a center word, while CBOW predicts a center word from surrounding context words."
The Continuous Bag of Words (CBOW) model averages the vectors of surrounding words to predict the center word.,How does the CBOW model work in Word2Vec?,"In CBOW, the model averages the vectors of surrounding context words to predict the center word."
"Word2Vec uses a softmax function to compute probabilities, but this can be computationally expensive with large vocabularies.",Why is the softmax function computationally expensive in Word2Vec?,"The softmax function is expensive because it requires summing over all words in the vocabulary, which is computationally expensive for large vocabularies."
The Hierarchical Softmax method in Word2Vec reduces computational cost by using a binary tree structure to represent the vocabulary.,How does Hierarchical Softmax improve Word2Vec performance?,"Hierarchical Softmax reduces computational cost by using a binary tree to represent the vocabulary, making the computation more efficient."
The Unigram Model raised to the power of 3/4 is used in Word2Vec's negative sampling to improve the likelihood of sampling rare words.,What is the Unigram Model raised to the power of 3/4 used for in Word2Vec?,The Unigram Model raised to the power of 3/4 helps improve the likelihood of sampling rare words in Word2Vec's negative sampling process.
One challenge with word vector models is how to represent relationships between words like synonyms or antonyms.,What is a challenge in word vector models?,"A key challenge is how to represent relationships between words, such as synonyms and antonyms, in a meaningful way using vectors."
The Skip-gram model of Word2Vec works well for larger corpora and can capture semantic meaning by predicting context words.,What type of data does the Skip-gram model in Word2Vec work well with?,Skip-gram works well with larger corpora and is effective in capturing semantic meanings by predicting context words.
Training word vectors in Word2Vec involves using stochastic gradient descent to optimize the objective function.,How are word vectors trained in Word2Vec?,Word vectors are trained in Word2Vec using stochastic gradient descent to optimize the objective function.
One potential drawback of Word2Vec is that it requires significant computational resources for training on large datasets.,What is a potential drawback of using Word2Vec?,"A potential drawback is the significant computational resources required for training, especially on large datasets."
"In Word2Vec, the objective function for Skip-gram and CBOW models is to minimize the negative log likelihood of predicting context words.",What is the objective function in Word2Vec for both Skip-gram and CBOW models?,The objective function in Word2Vec is to minimize the negative log likelihood of predicting context words from the center word (Skip-gram) or the center word from context words (CBOW).
SVD-based methods capture word relationships by reducing the size of co-occurrence matrices but are computationally expensive.,What is the downside of SVD-based methods for word embeddings?,SVD-based methods can be computationally expensive and inefficient for large vocabularies or datasets.
Word2Vec provides a way to learn word embeddings that capture both syntactic and semantic properties of words.,What does Word2Vec capture in word embeddings?,Word2Vec captures both syntactic and semantic properties of words in the learned embeddings.
"In supervised learning, the goal is to learn a function h: X -> Y so that h(x) is a good predictor for the corresponding value of y.",What is the goal of supervised learning in machine learning?,"The goal is to learn a function h(x) that maps inputs (x) to outputs (y) so that it can predict y for new, unseen data."
Linear regression is a method to model a relationship between a dependent variable y and one or more independent variables x.,What is the purpose of linear regression in supervised learning?,Linear regression models the relationship between a dependent variable y and one or more independent variables x to predict continuous outcomes.
The cost function in linear regression is used to measure how far off the model's predictions are from the actual values.,What does the cost function in linear regression do?,"The cost function measures the difference between the model's predictions and the actual values, aiming to minimize this difference during training."
Gradient descent is an optimization algorithm used to minimize the cost function by iteratively adjusting the model's parameters.,How does gradient descent work in linear regression?,Gradient descent iteratively adjusts the parameters to minimize the cost function by moving in the direction of the steepest decrease of the cost.
The logistic function (sigmoid function) is used in logistic regression to predict probabilities that are between 0 and 1.,What is the logistic function used for in logistic regression?,The logistic function (sigmoid function) is used to map predictions to probabilities between 0 and 1 in binary classification problems.
"In logistic regression, we use the log-likelihood function to estimate the parameters θ that maximize the probability of the observed data.",How are parameters estimated in logistic regression?,"Parameters in logistic regression are estimated by maximizing the log-likelihood function, which ensures the highest probability of the observed data given the model."
The perceptron algorithm is a simple binary classifier that updates its weights based on misclassified examples.,What is the perceptron algorithm used for?,The perceptron algorithm is used for binary classification by adjusting weights based on misclassified examples to find a decision boundary.
"In stochastic gradient descent (SGD), model parameters are updated based on one training example at a time, instead of the entire dataset.",What is the difference between batch gradient descent and stochastic gradient descent?,"Batch gradient descent updates parameters after processing the entire dataset, while stochastic gradient descent updates parameters after processing each individual training example."
Logistic regression can be generalized to multi-class classification using the softmax function in softmax regression.,How does softmax regression generalize logistic regression?,"Softmax regression generalizes logistic regression by using the softmax function to handle multi-class classification problems, predicting probabilities for multiple classes."
"In Gaussian discriminant analysis (GDA), the likelihood of the data is modeled assuming the features are distributed according to a Gaussian distribution.",What is Gaussian discriminant analysis (GDA) used for?,Gaussian discriminant analysis is used for classification by modeling the likelihood of features using a Gaussian distribution and applying Bayes' theorem for classification.
"The normal distribution is used in GDA to model continuous features, with a mean vector and a covariance matrix parameterizing the distribution.",How are features modeled in Gaussian discriminant analysis?,"In GDA, features are modeled using a multivariate normal distribution, which is parameterized by a mean vector and a covariance matrix."
Maximum likelihood estimation (MLE) is used to find the parameters that maximize the likelihood of the data under the model.,What is the role of maximum likelihood estimation in GDA?,Maximum likelihood estimation is used in GDA to estimate the parameters (mean and covariance) that maximize the likelihood of observing the data.
"In GDA, the posterior probability p(y|x) is computed using Bayes' theorem, combining the likelihood of the data and the class priors.",How is the posterior probability computed in Gaussian discriminant analysis?,"The posterior probability in GDA is computed using Bayes' theorem, which combines the likelihood of the data with the class priors."
The softmax function in softmax regression converts raw output scores (logits) into probabilities for multi-class classification problems.,What is the purpose of the softmax function in multi-class classification?,"The softmax function converts raw output scores (logits) into probabilities that sum to 1, making it suitable for multi-class classification."
Generalized Linear Models (GLMs) extend linear regression and logistic regression to handle different types of distributions for the target variable.,What is the purpose of Generalized Linear Models (GLMs)?,"GLMs extend linear and logistic regression to handle various distributions for the target variable, allowing for more flexible modeling of different types of data."
"The exponential family of distributions includes distributions like the Bernoulli, Gaussian, and Poisson, which are used in GLMs.",What distributions are included in the exponential family used in GLMs?,"The exponential family includes distributions like Bernoulli, Gaussian, and Poisson, which are used in GLMs to model different types of data."
"In GLMs, the target variable y is modeled using a distribution from the exponential family, and the link function relates the natural parameter η to the predictors.",How are target variables modeled in Generalized Linear Models?,"In GLMs, the target variable y is modeled using a distribution from the exponential family, with the link function relating the natural parameter η to the predictors."
"The Gaussian distribution can be used in GLMs for continuous target variables, where the conditional distribution of y given x follows a normal distribution.",When is the Gaussian distribution used in GLMs?,"The Gaussian distribution is used in GLMs for continuous target variables, where the conditional distribution of y given x follows a normal distribution."
"The Bernoulli distribution is used in GLMs for binary classification, with logistic regression as a special case when the response variable is binary.",When is the Bernoulli distribution used in GLMs?,"The Bernoulli distribution is used in GLMs for binary classification, where the response variable can take on values 0 or 1, with logistic regression as a special case."
"Softmax regression is a GLM that generalizes logistic regression to multi-class classification, where the target variable has more than two categories.",What is the difference between logistic regression and softmax regression?,"Logistic regression is used for binary classification, while softmax regression generalizes it to multi-class classification by predicting probabilities for multiple categories."
Overfitting occurs when a model learns the noise in the training data instead of the actual underlying patterns.,What is overfitting in machine learning?,"Overfitting happens when a model becomes too complex and learns the noise in the training data, leading to poor performance on new, unseen data."
Underfitting occurs when a model is too simple to capture the underlying patterns in the data.,What is underfitting in machine learning?,"Underfitting happens when a model is too simple and fails to capture the underlying patterns in the data, resulting in poor performance even on the training data."
The bias-variance tradeoff refers to the balance between a model's complexity (variance) and its ability to generalize (bias).,What is the bias-variance tradeoff in machine learning?,"The bias-variance tradeoff is the balance between the model's simplicity (bias) and its ability to fit the data well (variance), affecting its performance on new data."
Cross-validation is a technique used to assess the generalization ability of a model by training and testing it on different subsets of the data.,What is cross-validation in machine learning?,"Cross-validation is a method used to evaluate a model's performance by training and testing it on different subsets of the data, helping assess its ability to generalize."
Regularization techniques like L1 and L2 help prevent overfitting by adding penalties to the model's complexity.,How do regularization techniques help prevent overfitting?,"Regularization techniques like L1 and L2 add penalties to the model's complexity, reducing the risk of overfitting by discouraging overly complex models."
The support vector machine (SVM) is a powerful classification algorithm that finds the hyperplane separating classes with the maximum margin.,What is a support vector machine (SVM)?,A support vector machine (SVM) is a classification algorithm that identifies the optimal hyperplane that separates different classes with the maximum margin.
The kernel trick in SVM allows the algorithm to perform classification in higher-dimensional spaces without explicitly computing the coordinates in that space.,What is the kernel trick in SVM?,"The kernel trick in SVM allows the algorithm to classify data in higher-dimensional spaces without the need to explicitly compute the coordinates, using a kernel function."
"Decision trees are a model that splits the data into subsets based on feature values, recursively, until the model reaches a decision at each leaf.",How do decision trees work in machine learning?,"Decision trees recursively split the data based on feature values, creating subsets until they reach leaf nodes where the model makes predictions."
"Random forests improve upon decision trees by using multiple trees to make predictions, thereby reducing overfitting and increasing generalization.",How do random forests improve decision trees?,"Random forests use multiple decision trees to make predictions, reducing overfitting and increasing the model's ability to generalize."
"Gradient boosting is an ensemble learning technique that combines weak models to create a stronger model, optimizing performance through successive iterations.",What is gradient boosting in machine learning?,"Gradient boosting is an ensemble technique that combines weak models in successive iterations, each correcting the errors of previous models to improve overall performance."
AdaBoost is another ensemble technique that adjusts the weights of misclassified samples to focus learning on difficult examples in subsequent iterations.,What is AdaBoost in machine learning?,"AdaBoost is an ensemble technique that adjusts the weights of misclassified samples, focusing learning on harder-to-predict examples in subsequent iterations."
"Principal component analysis (PCA) is a dimensionality reduction technique that transforms data into a smaller set of uncorrelated features, called principal components.",What is principal component analysis (PCA)?,Principal component analysis (PCA) is a technique that reduces the dimensionality of data by transforming it into a smaller set of uncorrelated variables called principal components.
K-means clustering is an unsupervised learning algorithm that groups data into k clusters based on feature similarity.,What is K-means clustering?,"K-means clustering is an unsupervised algorithm that divides data into k clusters based on similarity, assigning each data point to the nearest cluster."
"In hierarchical clustering, data is grouped into clusters in a tree-like structure, starting with individual points and merging similar clusters iteratively.",How does hierarchical clustering work?,"Hierarchical clustering builds a tree-like structure by iteratively merging similar data points or clusters, creating a hierarchy of clusters."
Reinforcement learning is an area of machine learning where agents learn to make decisions by interacting with an environment and receiving feedback in the form of rewards.,What is reinforcement learning?,Reinforcement learning involves agents learning to make decisions by interacting with an environment and receiving rewards or penalties based on their actions.
Q-learning is a model-free reinforcement learning algorithm that seeks to learn the optimal policy by estimating the expected reward for each state-action pair.,What is Q-learning in reinforcement learning?,Q-learning is a model-free reinforcement learning algorithm that learns the optimal policy by estimating the expected reward for each state-action pair.
"Convolutional neural networks (CNNs) are deep learning models specifically designed for image recognition tasks, using convolutional layers to detect patterns.",What is a convolutional neural network (CNN)?,"Convolutional neural networks (CNNs) are deep learning models designed for image recognition, using convolutional layers to detect patterns in images."
"Recurrent neural networks (RNNs) are deep learning models designed for sequence data, with loops that allow information to be passed from one step to the next.",What is a recurrent neural network (RNN)?,"Recurrent neural networks (RNNs) are deep learning models designed for sequence data, where information from previous steps is passed to subsequent ones."
"Long short-term memory (LSTM) networks are a type of RNN that address the vanishing gradient problem, making them effective for learning long-term dependencies in sequences.",What are Long Short-Term Memory (LSTM) networks?,"LSTM networks are a type of RNN designed to handle long-term dependencies by addressing the vanishing gradient problem, making them suitable for complex sequential tasks."
"Generative adversarial networks (GANs) consist of two neural networks, a generator and a discriminator, that compete to improve each other's performance.",What are Generative Adversarial Networks (GANs)?,"Generative adversarial networks (GANs) consist of two neural networks, a generator and a discriminator, that compete to improve each other's performance by generating and evaluating realistic data."
A perceptron is a simple neural network model used for binary classification. It outputs 1 if the weighted sum of inputs exceeds a threshold.,What is a perceptron in neural networks?,"A perceptron is a basic neural network unit that outputs 1 if the weighted sum of its inputs exceeds a threshold; otherwise, it outputs 0."
"The perceptron training rule updates weights by adjusting them based on the error, using a learning rate η.",How is the perceptron trained?,"The perceptron is trained using the perceptron training rule, which updates weights based on the error, adjusting them by a factor proportional to the learning rate η."
"Perceptrons can only represent linearly separable functions, and they cannot handle problems like XOR that are not linearly separable.",What are the limitations of perceptrons?,Perceptrons can only represent linearly separable functions and fail to solve problems like XOR that are not linearly separable.
"Multilayer neural networks can represent more complex functions like XOR, using multiple layers to construct decision boundaries.",How do multilayer neural networks overcome the limitations of perceptrons?,"Multilayer neural networks overcome the limitations of perceptrons by using multiple layers to construct complex decision boundaries, enabling them to solve problems like XOR."
Gradient descent is used in multilayer networks to minimize the error by adjusting weights iteratively.,What is the role of gradient descent in training neural networks?,Gradient descent is used to minimize the error in neural networks by iteratively adjusting the weights in the direction of the negative gradient of the error function.
"Stochastic gradient descent (SGD) calculates the error gradient for each training instance and updates the weights, allowing faster convergence.",What is the difference between gradient descent and stochastic gradient descent (SGD)?,"Gradient descent calculates the error gradient for the entire dataset, while stochastic gradient descent (SGD) calculates the gradient for each training instance, leading to faster convergence."
The sigmoid function is often used in neural networks as an activation function to introduce non-linearity and allow for gradient descent optimization.,Why is the sigmoid function used in neural networks?,"The sigmoid function is used to introduce non-linearity in neural networks, allowing for effective gradient descent optimization and enabling the network to learn complex patterns."
Backpropagation is an algorithm used to compute gradients for each weight in a multilayer neural network by propagating errors backward from output to input layers.,What is backpropagation in neural networks?,Backpropagation is an algorithm used to compute gradients for each weight in a neural network by propagating errors backward from the output layer to the input layer.
Batch normalization normalizes activations in each mini-batch to reduce internal covariate shift and accelerate training.,What is batch normalization and why is it used in neural networks?,"Batch normalization normalizes activations within each mini-batch to reduce internal covariate shift, improving training speed and stability."
Dropout is a regularization technique that randomly disables neurons during training to prevent overfitting and improve generalization.,What is dropout in neural network training?,"Dropout is a regularization technique that randomly disables neurons during training, helping to prevent overfitting and improve the model's generalization ability."
Momentum is a technique used in gradient descent to accelerate convergence by adding a fraction of the previous update to the current one.,How does momentum help in neural network training?,"Momentum helps accelerate convergence by adding a fraction of the previous update to the current one, smoothing the optimization path and reducing oscillations."
ReLU (Rectified Linear Unit) is a popular activation function used in deep neural networks due to its simplicity and efficiency in training.,What is ReLU and why is it commonly used in deep learning?,ReLU (Rectified Linear Unit) is a popular activation function that introduces non-linearity and is efficient in training deep neural networks due to its simple computation.
"Autoencoders are a type of neural network used for unsupervised learning, designed to learn compressed representations of input data.",What are autoencoders and how are they used in neural networks?,"Autoencoders are neural networks used for unsupervised learning, where the network is trained to reconstruct the input data by learning compressed representations."
Stacked autoencoders use multiple layers of autoencoders to learn increasingly abstract features from the data.,What are stacked autoencoders?,"Stacked autoencoders are a series of autoencoders stacked together, each learning progressively more abstract representations of the input data."
Weight initialization is important for neural networks to avoid issues like slow convergence or getting stuck in local minima.,Why is weight initialization important in neural networks?,"Weight initialization is crucial in neural networks to ensure efficient training, avoiding issues like slow convergence or getting stuck in local minima."
Early stopping is a technique used to prevent overfitting by halting training once performance on a validation set starts to degrade.,What is early stopping in neural network training?,Early stopping is a technique used to prevent overfitting by halting training when the model's performance on a validation set no longer improves.
"Training deep neural networks with multiple layers can lead to issues like vanishing gradients, which can slow down learning in the lower layers.",What is the vanishing gradient problem in deep neural networks?,"The vanishing gradient problem occurs when gradients become very small during backpropagation, making it difficult for the network to learn effectively, especially in deeper layers."
A common practice in deep learning is to use unsupervised pre-training to initialize the weights before performing supervised fine-tuning with backpropagation.,What is the purpose of unsupervised pre-training in deep learning?,"Unsupervised pre-training helps initialize the weights in deep neural networks, allowing for better fine-tuning in supervised tasks."
"Backpropagation can be used to train networks with multiple hidden layers, although it can be difficult due to issues like vanishing gradients and local minima.",Can backpropagation be used to train deep neural networks?,"Yes, backpropagation can be used to train deep neural networks, but it faces challenges like vanishing gradients and local minima, which can slow down or hinder training."
"Activation functions like ReLU, tanh, and sigmoid introduce non-linearity, allowing neural networks to learn complex patterns.",Why are activation functions important in neural networks?,"Activation functions like ReLU, tanh, and sigmoid introduce non-linearity, enabling neural networks to model complex patterns that linear functions cannot represent."
"The backpropagation algorithm calculates gradients of the error function to update weights in a neural network, allowing for supervised learning.",What is the role of backpropagation in neural networks?,"Backpropagation calculates the gradients of the error function with respect to each weight in the network, enabling the adjustment of weights to minimize the error during training."
"Backpropagation with multiple layers can be slow due to vanishing gradients, especially when using activation functions like sigmoid in deep networks.",What problem can arise during backpropagation in deep networks?,"In deep networks, the vanishing gradient problem can slow down training, as gradients become very small, especially when using activation functions like sigmoid."
"Weight tying in convolutional neural networks (CNNs) allows the same set of weights to be shared across different parts of the input, improving efficiency.",What is weight tying in CNNs and why is it useful?,"Weight tying in CNNs shares the same set of weights across different parts of the input, improving efficiency by reducing the number of parameters in the model."
"Dropout is a regularization technique used in training deep neural networks, where randomly selected neurons are ignored during training to prevent overfitting.",How does dropout regularization help neural network training?,"Dropout helps prevent overfitting by randomly ignoring neurons during training, which forces the network to learn more robust features that are less reliant on specific neurons."
"Stochastic gradient descent (SGD) can be applied to neural networks with mini-batches of data, improving the speed and efficiency of training.",What is the benefit of using stochastic gradient descent with mini-batches?,"Stochastic gradient descent with mini-batches speeds up training by processing smaller subsets of the data at each step, improving computational efficiency and allowing for faster convergence."
